username,email,phone
mkvcromwell,mkcromwell@nucleus.com,092 1013 4924
grantprz,grantperez@notion.com,095 6248 1921
wanwan143,wandaveradc@todoist.com,091 4399 8632
rabbs0,oskirving0@wufoo.com,099 9427 1469
kglasner1,chuson1@walmart.com,096 2033 4241
fmaffia2,bpach2@amazon.de,091 1156 3673
nallridge3,ntomicki3@slate.com,093 7710 3408
cpaff4,atommasuzzi4@jimdo.com,091 5425 3171
omceniry5,jslemming5@ucsd.edu,094 4303 3059
ggerardin6,ebigmore6@diigo.com,094 5878 8081
dchardin7,tkhristoforov7@mozilla.com,098 5181 0341
ranglish8,orollett8@nymag.com,097 9207 7220
bdrewet9,rmorrel9@chronoengine.com,090 6134 1310
gwilsherea,cautiea@time.com,097 3247 3780
tbosherb,atownbyb@live.com,097 1513 2906
aleedsc,emussettinic@cbc.ca,096 3928 0121
lkettemand,aromked@blinklist.com,095 6213 5736
ldufalle,tmcilvaneye@digg.com,092 7231 0370
rmulcahyf,bsictornesf@w3.org,095 1523 7019
tdenisardg,khunnybung@cpanel.net,099 1531 3982
hwickensh,ffranchih@tiny.cc,090 3331 8638
mghilardinii,tdomeneyi@chron.com,096 2624 5460
tcorkelj,talekseicikj@fotki.com,093 7942 4264
oaronsonk,sparmbyk@com.com,096 792 5256
lgoulthorpl,spoveleyel@wunderground.com,090 3426 5677
hcoppingm,wmetterickem@nps.gov,091 4234 0746
tsevillen,grainsdonn@whitehouse.gov,093 9505 1540
ebambrougho,mscheffelo@seattletimes.com,091 6474 6182
tkixp,rlittrickp@jiathis.com,097 6282 7762
ewitlingq,kleirmonthq@gizmodo.com,091 4311 0922
btzarr,cvalenciar@reverbnation.com,095 2830 9032
kbohjes,rmatthiass@cam.ac.uk,099 3207 5211
mspurrittt,jroostant@uiuc.edu,093 5044 8890
cwanleyu,eweblandu@webeden.co.uk,098 6963 8594
flygov,ksummersettv@imgur.com,092 1229 5437
bjohnstonw,ylitsterw@privacy.gov.au,090 7133 6591
ztemprellx,aatkirkx@cargocollective.com,097 8824 6722
kdealtryy,rcaldaroy@tripod.com,099 6296 6381
ecarrz,bthorpz@gov.uk,098 3131 4362
obrantl10,ldowthwaite10@gaijin.net,098 4422 6194
eline11,epook11@google.ru,092 8588 1895
ggeraldez12,lciccoloi12@npr.org,093 6720 2221
cdomange13,pscotfurth13@tamu.edu,096 2349 8182
abroadbridge14,ewedge14@engadget.com,090 8455 9473
djeandot15,nbruckstein15@live.com,094 2265 6626
jselvester16,bcurado16@gizmodo.com,097 3813 8270
treany17,cmannion17@tiny.cc,097 9828 3509
gbriscoe18,dgoby18@unicef.org,090 4030 9512
dtripet19,bboost19@bigcartel.com,098 4341 2885
ptiptaft1a,mkenzie1a@wufoo.com,094 4156 8984
bpittendreigh1b,adalgleish1b@hubpages.com,096 4525 7740
deverall1c,iauden1c@tiny.cc,098 5399 1428
cspatari1d,msteels1d@ox.ac.uk,095 4226 1687
ecustard1e,terley1e@lycos.com,098 9389 3764
rheam1f,cdysert1f@plala.or.jp,091 2253 3690
ccrookshank1g,kdy1g@example.com,099 7828 9615
ahaggata1h,zimpleton1h@tripadvisor.com,096 8325 2637
worwin1i,fgoullee1i@ucsd.edu,093 8445 2784
wpickervance1j,geland1j@goo.gl,093 8429 6165
mcritchell1k,sformoy1k@youtu.be,091 3735 8417
fleyes1l,ldubbin1l@imageshack.com,094 8299 9188
solesen1m,hreay1m@walmart.com,096 5635 2944
cdomm1n,zgladwell1n@fema.gov,099 7353 5749
obains1o,gbowles1o@fc2.com,094 5326 8607
wbonnier1p,afirpi1p@europa.eu,092 8137 0641
mwolfindale1q,vcookney1q@thunderous.org,096 1285 8267
tstrettle1r,ccarty1r@gnu.org,098 2145 6815
tlocal1s,skasperski1s@paypal.com,096 3320 1243
fharwin1t,dculter1t@ihg.com,092 9339 2973
cghirigori1u,dfosher1u@7news.com,097 4644 0455
apiscopiello1v,jblackaller1v@mozilla.org,091 6814 5226
brigmond0,ipantridge0@tuttocitta.it,099 7218 3704
fbanthorpe1,brickell1@squidoo.com,094 6270 2937
sklain2,elindman2@chron.com,095 7242 2808
idurnan3,tbambrugh3@examiner.com,091 3216 3187
rgobel4,rwickett4@msn.com,096 4430 2274
ybonnick5,pmclice5@vistaprint.com,092 6385 5987
lrichardes6,eogelsby6@umn.edu,090 1528 7329
dbradberry7,cbernholt7@nih.gov,099 2373 7114
wcorbould8,ggallen8@mit.edu,099 2533 9035
fashborne9,achaves9@google.fr,096 4230 4278
mcoronadoa,gdaulbya@t-online.de,099 9232 4980
kpaulmannb,dformbyb@ca.gov,099 4335 0433
vdewdneyc,adruganc@google.com.hk,097 2350 1724
cgepsond,pmazind@123-reg.co.uk,099 8025 4187
gschwaigere,mambere@addthis.com,099 7328 8006
dfearnyhoughf,akernerf@dailymotion.com,095 5279 3878
wdederickg,blafoyg@tmall.com,092 4336 2934
glumberh,joosthoutdevreeh@wordpress.org,092 9226 8122
pbalseri,cmoiseyi@nationalgeographic.com,095 8369 8879
backroydj,tgiacovazzoj@wix.com,095 4638 7109
hruberyk,apantonek@vistaprint.com,099 3035 5045
imarmonl,cbeattiel@hp.com,092 4354 1476
arowetm,lpawseym@istockphoto.com,098 9332 2633
dsimysonn,hespinazon@ihg.com,092 6232 7102
fgiacominio,rlangereno@tinyurl.com,091 1623 7153
bbalcockp,sginglellp@indiegogo.com,093 5475 8595
rgillbeyq,gtessierq@mysql.com,096 4123 6477
mitzcakr,rhutchinr@youtu.be,094 2332 1444
adzeniskevichs,eboviss@github.com,097 6452 8655
sdewsnapt,smenicot@usda.gov,094 4429 0121
ktibbsu,waffronu@microsoft.com,096 4153 7497
vburganv,laykroydv@printfriendly.com,091 7321 1559
saultw,tdickinw@prlog.org,095 7899 3404
ldaintreex,kshirleyx@netscape.com,091 8723 6258
astuthery,respiny@google.ca,099 2943 7798
